{
  "fidelity": 0.9999301579927676,
  "trace_distance": 0.008357153057883794,
  "bloch_error": 0.016714306115767585
}