{
  "fidelity": 0.9999806892138691,
  "trace_distance": 0.0043944039561961,
  "bloch_error": 0.008788807912392201
}