{
  "fidelity": 0.9997688943065993,
  "trace_distance": 0.015202160813526289,
  "bloch_error": 0.03040432162705258
}