{
  "fidelity": 0.9995081539063574,
  "trace_distance": 0.02217760342423092,
  "bloch_error": 0.04435520684846184
}