{
  "fidelity": 0.9996843944549605,
  "trace_distance": 0.01776529045749021,
  "bloch_error": 0.03553058091498041
}